<?xml version="1.0" encoding="UTF-8"?>
<jcr:root xmlns:sling="http://sling.apache.org/jcr/sling/1.0" xmlns:cq="http://www.day.com/jcr/cq/1.0" xmlns:jcr="http://www.jcp.org/jcr/1.0"
    jcr:primaryType="cq:Page">
    <jcr:content
        cq:lastModified="{Date}2015-01-15T15:15:35.576+05:30"
        cq:lastModifiedBy="admin"
        cq:template="/apps/LatestNews/Template/LatestNews"
        jcr:primaryType="cq:PageContent"
        jcr:title="ParentPage"
        sling:resourceType="/apps/LatestNews/Component/contentpage"/>
    <page1/>
    <page2/>
    <page3/>
    <page4/>
    <page5/>
    <page6/>
    <page7/>
    <page8/>
    <page9/>
    <page10/>
    <page11/>
    <SportsNews/>
    <SportsNews0/>
    <page14/>
</jcr:root>
